{
  "56": {
    "name": "BSC",
    "rpc": "https://bsc-dataseed.binance.org",
    "chainId": 56,
    "explorer": "https://bscscan.com",
    "color": "#CC9B00",
    "registry": "0x39b6A4E28fF734311Da8b800025dEBD573Be3eaB",
    "multicall": "0x41263cBA59EB80dC200F3E2544eda4ed6A90E76C",
    "ENSRegistry": "",
    "baseCurrency": {
      "decimals": 18,
      "name": "BNB",
      "symbol": "BNB"
    },
    "wrappedToken": {
      "address": "0xbb4CdB9CBd36B01bD1cBaEBF2De08d9173bc095c",
      "name": "Wrapped BNB",
      "symbol": "WBNB"
    }
  },
  "137": {
    "name": "Polygon",
    "rpc": "https://rpc-mainnet.matic.network",
    "chainId": 137,
    "explorer": "https://polygonscan.com/",
    "color": "#8247E5",
    "registry": "0x8746f10E3142987733D3f05D1FBe72E482F521A7",
    "multicall": "0x11ce4B23bD875D7F5C6a31084f55fDe1e9A87507",
    "ENSRegistry": "",
    "baseCurrency": {
      "decimals": 18,
      "name": "Matic",
      "symbol": "MATIC"
    },
    "wrappedToken": {
      "address": "0x0d500B1d8E8eF31E21C99d1Db9A6444d3ADf1270",
      "name": "Wrapped Matic",
      "symbol": "WMATIC"
    }
  },

  "43114": {
    "name": "Avalanche",
    "rpc": "https://api.avax.network/ext/bc/C/rpc",
    "chainId": 43114,
    "explorer": "https://snowtrace.io",
    "color": "#D64F4A",
    "registry": "0x79D5C019F2515Cbc0596170Da44FCd26412c4f83",
    "multicall": "0x04ad4Ce6015141F6f582A7451Cb7CD6866609298",
    "ENSRegistry": "",
    "baseCurrency": {
      "decimals": 18,
      "name": "AVAX",
      "symbol": "AVAX"
    },
    "wrappedToken": {
      "address": "0xB31f66AA3C1e785363F0875A1B74E27b85FD66c7",
      "name": "Wrapped AVAX",
      "symbol": "WAVAX"
    }
  },
  "250": {
    "name": "Fantom Opera",
    "rpc": "https://rpc.ftm.tools/",
    "chainId": 250,
    "explorer": "https://ftmscan.com",
    "color": "#0C30FF",
    "registry": "0x79D5C019F2515Cbc0596170Da44FCd26412c4f83",
    "multicall": "0x9664EC984D1c0d44dD22C161da1D06f7f72Ae092",
    "ENSRegistry": "",
    "baseCurrency": {
      "decimals": 18,
      "name": "FTM",
      "symbol": "FTM"
    },
    "wrappedToken": {
      "address": "0x21be370d5312f44cb42ce377bc9b8a0cef1a4c83",
      "name": "Wrapped FTM",
      "symbol": "WFTM"
    }
  },
  "122": {
    "name": "Fuse",
    "rpc": "https://rpc.fuse.io/",
    "chainId": 122,
    "explorer": "https://explorer.fuse.io/",
    "color": "#C6F9AC",
    "registry": "0x04ad4Ce6015141F6f582A7451Cb7CD6866609298",
    "multicall": "0x0755ba6D3e0B799AC7Cd6707AddE7B72208DE08e",
    "ENSRegistry": "",
    "baseCurrency": {
      "decimals": 18,
      "name": "FUSE",
      "symbol": "FUSE"
    },
    "wrappedToken": {
      "address": "0x0BE9e53fd7EDaC9F859882AfdDa116645287C629",
      "name": "Wrapped FUSE",
      "symbol": "WFUSE"
    }
  },
  "4": {
    "name": "Rinkeby",
    "rpc": "https://rinkeby.infura.io/v3/fc55ddb25b694fef8e2363f6b6c9341f",
    "chainId": 4,
    "explorer": "https://rinkeby.etherscan.io",
    "color": "#f6c343",
    "registry": "0xe941b2b03d0A6eAfAdC547EC20Ba0D9583CfcaD3",
    "multicall": "0x42Ad527de7d4e9d9d011aC45B31D8551f8Fe9821",
    "ENSRegistry": "0x00000000000C2E074eC69A0dFb2997BA6C7d2e1e",
    "baseCurrency": {
      "decimals": 18,
      "name": "ETH",
      "symbol": "ETH"
    },
    "wrappedToken": {
      "address": "0xc778417E063141139Fce010982780140Aa0cD5Ab",
      "name": "Wrapped Ether",
      "symbol": "WETH"
    }
  }
}
